Feature,Importance
Recency,0.1947601920691704
AvgInterpurchase,0.17215962516896785
Monetary,0.1504445771726606
NumItems,0.14425689788217008
NumProducts,0.09221034193468698
Frequency,0.09154744731662957
AOV,0.08242715994633153
Tenure,0.07219375850938302
